name,aebersold_playalong_number,vehicle_name,key,tempo
Blues In Bb**,1,Blues,Bb,132
Blues In F**,1,Blues,F,152
24-Measure Song**,1,Standard,C,138
6/8 Modal Blues,2,Blues,C-,184
Bird Blues,2,Blues,F,160
Fast Blues In Bb,2,Blues,Bb,192
Fast Blues In F,2,Blues,F,192
Home Stretch,2,Blues,D-,168
Horizontal,2,Blues,C,132
Long Meter Jazz-Rock,2,Blues,D-,152
Minor Blues In C,2,Blues,C-,120
Mr. Super Hip,2,Blues,F-,168
Slow Blues In F,2,Blues,F,63
Slow Blues In G,2,Blues,G,80
Bebop Tune**,3,Bebop,Eb,224
F Blues With Bridge**,3,Blues,F,240
G Minor Blues**,3,Blues,G-,116
Ballad Waltz,4,Ballad,D,98
7/4 - 3/4,4,Contemp.,C-,196
Agitation,4,Contemp.,Bb-,256
All Things Unfinished,4,Contemp.,D,116
Magic Morning,4,Contemp.,E,138
Once Remembered,4,Contemp.,G-,208
Quickie,4,Contemp.,Bb,272
Scooter,4,Contemp.,F,248
Five Eight-Bar Phrases**,4,Modal,-,272
Essence,5,Ballad,Eb,80
Bebopish (Half Nelson),5,Bebop,C,164
Groovitis (Sugar),5,Bebop,C-,122
Half-Nelson**,5,Bebop,C,164
Killer Pete,5,Bebop,C,125
Beatitude,5,Contemp.,C,93
Freddieish,5,Contemp.,Bb,122
Modal Voyage,5,Modal,D,135
"Snap, Crackle, and Pop",5,Modal,Bb,84
Confirmation,6,Bebop,F,204
Dewey Square,6,Bebop,Eb,204
Donna Lee (Indiana),6,Bebop,Ab,214
How High The Moon**,6,Bebop,G,220
I Got Rhythm**,6,Bebop,Bb,256
Indiana** (Donna Lee),6,Bebop,Ab,214
My Little Suede Shoes,6,Bebop,Eb,160
Ornithology (How High The Moon),6,Bebop,G,220
Rosetta**,6,Bebop,C,186
Scrapple From The Apple,6,Bebop,F,196
Thrivin' From A Riff (I Got Rhythm),6,Bebop,Bb,256
Yardbird Suite (Rosetta),6,Bebop,C,186
Billie's Bounce,6,Blues,F,154
Now's The Time,6,Blues,F,154
Dig (Fast),7,Bebop,Ab,224
Dig (Slow),7,Bebop,Ab,176
Four (Fast),7,Bebop,Eb,224
Four (Slow),7,Bebop,Eb,144
I Got Rhythm** (Fast),7,Bebop,Bb,216
I Got Rhythm** (Fast),7,Bebop,Bb,264
I Got Rhythm** (Slow),7,Bebop,Bb,126
I Got Rhythm** (Slow),7,Bebop,Bb,160
Milestones (Old),7,Bebop,Bb,132
Serpent's Tooth (I Got Rhythm) (Fast),7,Bebop,Bb,216
Serpent's Tooth (I Got Rhythm) (Slow),7,Bebop,Bb,126
Solar (Fast),7,Bebop,C-,264
The Theme (I Got Rhythm) (Fast),7,Bebop,Bb,264
The Theme (I Got Rhythm) (Slow),7,Bebop,Bb,160
Tune-Up (Fast),7,Bebop,D,232
Tune-Up (Slow),7,Bebop,D,168
Solar (Slow),7,Bebop/Bossa,C-,132
Vierd Blues,7,Blues,Bb,100
Airegin,8,Bebop,F-,246
Blue Seven,8,Bebop,Bb,120
Doxy,8,Bebop,Bb,134
I Got Rhythm**,8,Bebop,Bb,270
Oleo (I Got Rhythm),8,Bebop,Bb,270
Pent-Up House,8,Bebop,G,230
Valse Hot,8,Bebop,Ab,140
Solid,8,Blues,Bb,230
Tenor Madness,8,Blues,Bb,230
St. Thomas,8,Latin,C,208
Beyond All Limits,9,Bebop (Bossa) ,F,165
Beyond All Limits,9,Bebop (Swing),F,165
Blues For Wood,9,Blues,F-,112
Little Red's Fantasy,9,Contem.,F,130
In Case You Haven't Heard,9,Contemp.,Bb,190
Katrina Ballerina,9,Contemp.,G-,160
Moontrane,9,Contemp.,Bb,272
Tomorrow's Destiny,9,Contemp.,F-,230
Passion,10,Ballad,G-,58
Black Thursday,10,Bebop,F-,106
Kentucky Oysters,10,Blues,F,142
Le Miroir Noir,10,Blues,C,86
Aulil,10,Contemp.,E,142
Le Roi,10,Contemp.,C-,272
Soleil D'Altamira,10,Contemp.,C-,192
Bossa Belle,10,Standard,C,148
Jessica,11,Ballad,C-,88
And What If I Don't?,11,Bebop,Eb,118
Eye Of The Hurricane,11,Blues,F-,265
Watermelon Man,11,Blues,F,128
Dolphin Dance,11,Contemp.,Eb,124
Toys,11,Contemp.,D-,124
Cantaloupe Island,11,Modal,F-,132
Maiden Voyage,11,Modal,D,126
In A Sentimental Mood,12,Ballad,F,62
Mood Indigo,12,Ballad,Ab,100
Prelude To A Kiss,12,Ballad,C,62
Sophisticated Lady,12,Ballad,Ab,70
I Let A Song Go Out Of My Heart,12,Standard,Eb,172
Perdido,12,Standard,Bb,220
Satin Doll,12,Standard,C,128
Solitude,12,Standard,Eb,116
"Take The ""A"" Train",12,Standard,C,162
Del Sasser,13,Bebop,Eb,252
Jeanine,13,Bebop,Ab,245
Work Song,13,Bebop,F-,196
Sack Of Woe,13,Blues,F,168
Scotch And Water,13,Blues,C,180
Unit 7,13,Blues,C,214
Saudade,13,Standard,Eb,192
Cannon-Aid,13,Waltz,C-,132
I Remember Clifford,14,Ballad,Eb,60
Along Came Betty,14,Bebop,Ab,114
Are You Real?,14,Bebop,Eb,214
Killer Joe,14,Bebop,C,116
Stablemates,14,Bebop,Db,254
Whisper Not,14,Bebop,C-,112
Blues March,14,Blues,Bb,118
Ease Away Walk,14,Contemp.,C-,74
Body And Soul**,15,Ballad,Db,82
Flesh And Spirit (Body And Soul),15,Ballad,Db,82
The Song Is You**,15,Bebop,C,228
Another Yew (There Will Never Be) (F),15,Standard,Eb,164
Another Yew (There Will Never Be) (S),15,Standard,Eb,284
April (I Remember April),15,Standard,G,276
Cherokee**,15,Standard,Bb,294
It's You (It's You Or No One),15,Standard,F,218
Share-A-Key (Cherokee),15,Standard,Bb,294
Stella (Stella By Starlight),15,Standard,Bb,174
What Is This? (Thing Called Love),15,Standard,C,200
You're The Song (The Song Is You),15,Standard,C,228
Some Of The Things I Am**,16,Bebop,Ab,138
Coltrane Blues**,16,Blues,Bb,126
Guess What Key I'm In**,16,Blues,G,112
All The Things You Are**,16,Standard,Ab,138
Bb Rhythm Changes**,16,Standard,Bb,132
Peace,17,Ballad,Bb,61
Gregory Is Here,17,Bebop,Bb,152
Nutville,17,Bebop,C-,284
Silver's Serenade,17,Bebop,E-,137
Sister Sadie,17,Bebop,G,175
Jody Grind,17,Blues,Bb-,156
Song For My Father,17,Latin,F-,137
The Preacher,17,Standard,F,180
Barbara,18,Bebop,Eb,164
Ecaroh,18,Bebop,Db,164
"Lover, Come Back To Me**",18,Bebop,Ab,308
Mayreh (All God's Chillun),18,Bebop,F,268
Nica's Dream,18,Bebop,Bb,210
Quicksilver (Lover Come Back To Me),18,Bebop,Ab,308
Room 608,18,Bebop,Bb,274
Strollin',18,Bebop,Db,144
Summer In Central Park,18,Bebop,F,136
Tomorrow's Expectations,19,Ballad,Gb,60
Bonnie's Blue,19,Blues,F,163
Brite Piece,19,Contemp.,B,220
Loft Dance,19,Contemp.,Gb,292
Oasis,19,Contemp.,F,128
Picadilly Lilly,19,Contemp.,E,184
Slumber,19,Contemp.,C-,128
Lookout Farm,19,Free Form,D-,273
Confirmation**,20,Bebop,F,165
Confirmed (Confirmation),20,Bebop,F,165
Bb Blues For Wes,20,Blues,Bb,230
Groove Blues In F,20,Blues,F,150
Autumn (Leaves),20,Standard,G-,144
Autumn Leaves**,20,Standard,G-,144
Bout You And Me (How About You),20,Standard,Eb,178
Friends (Just Friends),20,Standard,F,232
Hotel Grande (There's A Small Hotel),20,Standard,Eb,168
How About You**,20,Standard,Eb,178
I Got Rhythm**,20,Standard,Bb,244
Just Friends**,20,Standard,F,232
Like Somebody (Like Someone In Love),20,Standard,Eb,145
Like Someone In Love**,20,Standard,Eb,145
Nowhere (Out Of Nowhere),20,Standard,G,160
Out Of Nowhere,20,Standard,G,160
Rhythm In Bb (I Got Rhythm),20,Standard,Bb,244
There's A Small Hotel**,20,Standard,Eb,168
Bb Blues**,21,Blues,Bb,84
F Blues**,21,Blues,F,72
Easy Living,22,Ballad,Eb,52
I Remember You,22,Ballad,F,114
My Ideal,22,Ballad,Eb,136
My Old Flame,22,Ballad,G,70
If I Should Lose You,22,Standard,Bb,134
It Could Happen To You,22,Standard,G,172
Lover (3/4),22,Standard,C,186
Lover (4/4),22,Standard,C,204
Nearness of You,22,Standard,F,82
Out Of Nowhere,22,Standard,G,126
Soon,22,Standard,Eb,178
Stella By Starlight,22,Standard,G,124
Tangerine,22,Standard,F,200
Wives And Lovers,22,Standard,Eb,184
Angel Eyes,23,Ballad,D-,68
But Beautiful,23,Ballad,G,70
Everything Happens To Me,23,Ballad,Bb,70
Here's That Rainy Day,23,Ballad,G,142
I Gave You Violets For Your Furs**,23,Ballad,F,68
I Should Care,23,Ballad,C,100
Imagination,23,Ballad,Eb,70
Polka Dots And Moonbeams,23,Ballad,F,60
Like Someone In Love,23,Standard,C,195
Personality,23,Standard,G,134
Violets For Your Furs,23,Standard,F,68
Will You Still Be Mine?,23,Standard,Bb,208
You Say You Care,23,Standard,F,224
I Can't Get Started,25,Ballad,C,74
It Might As Well Be Spring,25,Ballad,G,68
I've Grown Accustomed To Her Face,25,Ballad,Eb,72
My Foolish Heart,25,Ballad,Bb,74
My Funny Valentine,25,Ballad,C-,78
A Foggy Day,25,Standard,F,208
Come Rain Or Shine,25,Standard,F,154
Have You Met Miss Jones?,25,Standard,F,208
I Could Write A Book,25,Standard,Eb,212
I Love You,25,Standard,F,236
Love Is Here To Stay,25,Standard,F,196
My Favorite Things,25,Standard,E-,224
Old Devil Moon,25,Standard,F,230
September Song,25,Standard,C,130
Speak Low,25,Standard,F,240
Summertime,25,Standard,D-,128
The Party's Over,25,Standard,Eb,70
Crescent,27,Ballad,C-,109
Naima,27,Ballad,Ab,55
Like Sonny,27,Bebop,Eb,155
Blues Minor,27,Blues,F-,245
Mr. P.C.,27,Blues,C-,260
Some Other Blues,27,Blues,F,174
Spiritual,27,Modal,C-,97
The Promise,27,Modal,G-,164
Dear Lord,28,Ballad,D,97
26-2 (Confirmation),28,Bebop,F,210
Confirmation**,28,Bebop,F,210
Countdown,28,Bebop,D,255
Giant Steps (Fast),28,Bebop,B,308
Giant Steps (Slow),28,Bebop,B,224
Mr. Day,28,Blues,F#,244
Up Against The Wall,28,Blues,Ab,150
A Love Supreme,28,Modal,F-,114
Impressions (Fast),28,Modal,D-,300
Impressions (Slow),28,Modal,D-,224
Together,29,Ballad,F,75
Action,29,Bebop,D,208
Invention,29,Bebop,Eb,232
Jonathan's Waltz,29,Bebop,A,75
Samba Teekens,29,Bebop,F,246
Suspended Motion,29,Bebop,D,170
Blues Allegro,29,Blues,F,125
Blues Andante,29,Blues,F,70
Fugato,29,Contemp.,C-,115
The Flag Is Up,29,Contemp.,F,120
Desafinado,31,Standard,F,186
How Insensitive,31,Standard,D-,120
Little Boat,31,Standard,Bb,144
Meditation,31,Standard,C,146
Once I Loved,31,Standard,F,184
One Note Samba,31,Standard,Bb,218
Quiet Nights Of Quiet Stars,31,Standard,C,138
Summer Samba (So Nice),31,Standard,F,165
The Girl From Ipanema,31,Standard,F,146
Wave,31,Standard,D,144
Chelsea Bridge,32,Ballad,Db,69
Lover Man,32,Ballad,F,65
Lush Life,32,Ballad,Db,66
Skylark,32,Ballad,F,72
Soul Eyes,32,Ballad,C-,69
You Don't Know What Love Is,32,Ballad,F-,72
You've Changed,32,Ballad,Eb,70
Ballad Blues,32,Blues,Bb,65
Infant Eyes,33,Ballad,Bb,56
Miyako,33,Ballad,E-,72
Virgo,33,Ballad,F,54
Black Nile,33,Bebop,D-,228
Adam's Apple,33,Blues,Ab,178
Footprints,33,Blues,C-,176
Children Of The Night,33,Contemp.,B,212
E.S.P.,33,Contemp.,F,284
El Gaucho,33,Contemp.,E-,184
Fee-Fi-Fo-Fum,33,Contemp.,G-,112
Juju,33,Contemp.,B,178
Nefertiti,33,Contemp.,Ab,116
Night Dreamer,33,Contemp.,G,128
Speak No Evil,33,Contemp.,C-,134
This Is For Albert,33,Contemp.,G,194
Wild Flower,33,Contemp.,Bb,142
Witch Hunt,33,Contemp.,C-,130
Yes And No,33,Contemp.,D,264
Don't Blame Me,34,Ballad,C,69
I Left My Heart In San Francisco,34,Ballad,Bb,144
Laura,34,Ballad,C,80
Once In Awhile,34,Ballad,Eb,140
Over The Rainbow,34,Ballad,Eb,126
Spring Is Here,34,Ballad,Ab,60
The Shadow Of Your Smile,34,Ballad,G,132
Blue Moon,34,Standard,Eb,105
Invitation,34,Standard,C-,202
Just Friends,34,Standard,F,196
My Secret Love,34,Standard,Eb,276
On Green Dolphin Street,34,Standard,Eb,203
On The Trail,34,Standard,F,122
Star Eyes,34,Standard,Eb,204
Stompin' At The Savoy,34,Standard,Db,160
There Is No Greater Love,34,Standard,Bb,196
Without A Song,34,Standard,Eb,250
You Stepped Out Of A Dream,34,Standard,C,256
Firm Roots,35,Bebop,Eb,264
Hand In Glove (Love For Sale),35,Bebop,Bb,232
Cedar's Blues,35,Blues,Bb,192
Midnight Waltz,35,Blues,C,180
Bolivia,35,Contemp.,G,106
Clockwise,35,Contemp.,E,168
Fantasy In D,35,Contemp.,D,252
Ojos De Rojo,35,Contemp.,F-,260
The Maestro,35,Contemp.,B,164
Ruby My Dear,36,Ballad,Eb,134
Theme For Ernie,36,Ballad,Ab,116
I Mean You,36,Bebop,F,200
Ladybird,36,Bebop,C,200
Ray's Idea,36,Bebop,Db,204
Robbin's Nest,36,Bebop,Db,172
Freight Trane,36,Blues,Ab,216
All The Things You Are**,36,Standard,Ab,140
Hipster,36,Standard,Ab,140
Lonely Street,37,Ballad,F,58
Samantha,37,Ballad,C,69
Basie-Straight Ahead,37,Bebop,F,176
Switch In Time,37,Bebop,F-,168
A Warm Breeze,37,Standard,F,120
Hay Burner,37,Standard,F,112
The Wind Machine (Fast),37,Standard,Eb,264
The Wind Machine (Slow),37,Standard,Eb,188
Ya Gotta Try,37,Standard,C,240
88 Basie Street,37,Swing,C,118
Ceora,38,Bebop,Ab,134
Chick's Tune,38,Bebop,C,212
Lazy Bird,38,Bebop,G,178
Moments Notice,38,Bebop,Eb,240
Recorda-Me,38,Bebop,A-,184
Blue Train,38,Blues,Eb,116
Isotope,38,Blues,C,188
Locomotion,38,Blues,Bb,232
One For Daddy-o,38,Blues,Bb-,104
Solar Flair,38,Bossa,C-,208
Crisis,38,Contemp.,B-,172
El Toro,38,Contemp.,D-,208
Inner Urge,38,Contemp.,G,188
Marie Antoinette,38,Contemp.,C-,196
Home At Last,38,Standard,Bb,114
Shirley,38,Standard,A-,112
Down And Up,38,Swing,Bb,197
Blue Room,39,Blues,F,120
Avalon,39,Standard,F,252
Bye Bye Blackbird,39,Standard,F,138
Indian Summer,39,Standard,G,92
"Oh, Lady Be Good",39,Standard,F,92
Poor Butterfly,39,Standard,Ab,132
Sweet Georgia Brown,39,Standard,Ab,234
Too Marvelous For Words,39,Standard,G,138
A Time For Love,40,Ballad,Bb,76
Early Autumn,40,Ballad,C,66
I Cover The Waterfront,40,Ballad,F,61
Nancy With The Laughing Face,40,Ballad,Eb,60
Round Midnight,40,Ballad,Eb-,58
You Go To My Head,40,Ballad,Eb,69
Autumn In New York,40,Standard,F,69
Days Of Wine And Roses,40,Standard,F,88
I Know That You Know,40,Standard,C,264
If I Love Again,40,Standard,F,232
Love For Sale,40,Standard,Bb-,240
Lullabye Of Birdland,40,Standard,Eb,138
Namely You,40,Standard,Bb,138
September In The Rain,40,Standard,Eb,126
"Softly, As In A Morning Sunrise",40,Standard,C-,240
Body And Soul,41,Ballad,Db,63
Misty,41,Ballad,Eb,60
Teach Me Tonight,41,Ballad,Eb,76
That's All,41,Ballad,C,66
What's New?,41,Ballad,C,63
Alone Together,41,Standard,D-,126
Fools Rush In,41,Standard,C,120
I Thought About You,41,Standard,Eb,152
I'm An Old Cowhand,41,Standard,Eb,120
"Lover, Come Back To Me!",41,Standard,Ab,184
The Very Thought Of You,41,Standard,Ab,112
Time After Time,41,Standard,C,138
What Is This Thing Called Love?,41,Standard,C,232
When Your Lover Has Gone,41,Standard,Ab,138
You And The Night And The Music,41,Standard,C-,152
You're My Everything,41,Standard,C,144
Yours Is My Heart Alone,41,Standard,C,200
A Little Of This?,42,Blues,F,100
Big Apple,42,Blues,E,76
Downtown Carmi,42,Blues,F#,116
Dr. Jay,42,Blues,Eb,120
Kenny'll Make It,42,Blues,Bb,96
Now Hear This,42,Blues,C,96
Repetition Blues,42,Blues,Db,96
Shuffle Duty,42,Blues,Ab,72
The Bird,42,Blues,D,138
The Camel,42,Blues,G,100
Triple-itis,42,Blues,A,72
Wiggle Waggle,42,Blues,B,66
A Night In Tunisia,43,Bebop,D-,138
Afternoon In Paris,43,Bebop,C,124
Groovin' High,43,Bebop,Eb,150
High Fly,43,Bebop,Bb,120
Bluesette,43,Blues,G,132
West Coast Blues,43,Blues,Bb,120
All The Things You Are,43,Standard,Ab,132
I'll Remember April,43,Standard,G,228
After You've Gone,44,Standard,C,176
All Or Nothing At All,44,Standard,C,160
Autumn Leaves,44,Standard,G-,174
My Shining Hour,44,Standard,Eb,184
S'posin',44,Standard,Bb,134
Stormy Weather,44,Standard,Eb,112
Tenderly,44,Standard,Eb,108
There Will Never Be Another You,44,Standard,Eb,168
Witchcraft,44,Standard,F,164
Laurie,45,Ballad,Bb,66
Turn Out The Stars,45,Ballad,C,96
Very Early,45,Ballad,C,84
Funkallero,45,Bebop,C-,116
Peri's Scope,45,Bebop,C,126
Time Remembered,45,Contemp.,C-,108
Walkin' Up,45,Contemp.,C,108
Interplay,45,Minor Blues,F-,108
Waltz For Debby,45,Standard,F,168/112
Four Brothers,46,Bebop,Ab,120
A Weaver Of Dreams,46,Standard,C,104
Basin Street Blues,46,Standard,C,58
If I Were A Bell,46,Standard,F,126
Ill Wind,46,Standard,Bb,88
I'm Glad There Is You,46,Standard,F,66
Mister Sandman,46,Standard,Bb,160
Out Of This World,46,Standard,Eb,126
Prisoner Of Love,46,Standard,Eb,72
Ah! A Bossa,47,Standard,Gb,112
Almost Like…,47,Standard,E,112
Bebop O'Rooney,47,Standard,F,116
Blue Top Expresso,47,Standard,C,100
Climbing Up,47,Standard,D,112
Flat Tire! Flat Tire!,47,Standard,Db,132
Groovin' (I Got Rhythm),47,Standard,Ab,116
Home Court Advantage,47,Standard,Bb,112
I Got Rhythm**,47,Standard,Ab,116
Is This Blues?,47,Standard,Eb,116
Oh Yell!,47,Standard,G,88
Put On Your Thinking Cap,47,Standard,B,112
Slidin' Home,47,Standard,Bb,216
Weaving Thru Changes,47,Standard,A,120
I Didn't Know About You,48,Ballad,Db,66
I Got It Bad,48,Ballad,G,54
Warm Valley,48,Ballad,Bb,56
Cottontail,48,Bebop,Ab,194
C Jam Blues,48,Blues,C,144
Do Nothing Till You Hear From Me,48,Standard,Bb,80
In A Mellow Tone,48,Standard,Ab,104
Just Squeeze Me,48,Standard,F,100
Don't Get Around Much Anymore,48,Swing,C,104
Flamingo,49,Ballad,C,60
Georgia On My Mind,49,Ballad,F,56
Misty,49,Ballad,Eb,96
When Sunny Gets Blue,49,Ballad,F,52
Sugar,49,Bebop,C-,120
Back At The Chicken Shack,49,Blues,F,88
On The Sunny Side Of The Street,49,Standard,C,104
Stranger In Paradise,49,Standard,C,104
Sunny,49,Standard,A-,118
Blue In Green,50,Ballad,G-,54
Seven Steps To Heaven,50,Bebop,F,216
All Blues,50,Blues,G,104
Eighty One,50,Blues,C-,104
Freddie Freeloader,50,Blues,Bb,96
Joshua,50,Contemp.,D-,216
Nardis,50,Contemp.,E-,160
Milestones (New) (Fast),50,Modal,F,200
Milestones (New) (Slow),50,Modal,F,72
So What (Fast),50,Modal,D-,164
So What (Slow),50,Modal,D-,106
Embraceable You,51,Ballad,G,66
How Long Has This Been Going On?,51,Ballad,G,69
I'm A Fool To Want You,51,Ballad,E-,63
My One And Only Love,51,Ballad,C,56
The Man I Love,51,Ballad,Eb,63
I Got Rhythm,51,Standard,Bb,196
Just One Of Those Things,51,Standard,F,96
Night And Day,51,Standard,Eb,160
Tea For Two,51,Standard,Ab,116
Three Little Words,51,Standard,C,176
With A Song In My Heart,51,Standard,C,104
You Do Something To Me,51,Standard,Eb,176
I Get A Kick Out Of You,51,Swing,F-,168
Easy Living,52,Ballad,Eb,54
I Don't Stand A Ghost Of A Chance,52,Ballad,C,60
Stardust,52,Ballad,C,60
Sweet Lorraine,52,Ballad,C,72
Too Young To Go Steady,52,Ballad,F,52
Emily,52,Standard,C,69
I'm Getting Sentimental Over You,52,Standard,C,152
Mr. Lucky,52,Standard,G,92
Serenata,52,Standard,F,126
Stars Fell On Alabama,52,Standard,C,66
The Night Has A Thousand Eyes,52,Standard,G,192
When Lights Are Low,52,Standard,Eb,104
Doxy,54,Bebop,Bb,92
Bb Blues (Shuffle-Time),54,Blues,Bb,88
F Blues (Tootsie),54,Blues,F,92
Footprints,54,Blues,C-,108
Watermelon Man,54,Blues,F,96
Solar Flair,54,Bossa,C-,104
III/VI/II/V7,54,Contemp.,F-,92
Song For My Father,54,Latin,F-,100
Cantaloupe Island,54,Modal,F-,96
Impressions,54,Modal,D-,112
Maiden Voyage,54,Modal,A-,96
Autumn Leaves,54,Standard,G-,100
Satin Doll,54,Standard,C,88
Summertime,54,Standard,D-,108
Smoke Gets In Your Eyes,55,Ballad,Eb,58
All The Things You Are (Fast),55,Standard,Ab,260
All The Things You Are (Slow),55,Standard,Ab,138
Dearly Beloved,55,Standard,C,160
I'm Old Fashioned,55,Standard,F,120
I've Told Ev'ry Little Star,55,Standard,F,108
Long Ago (And Far Away),55,Standard,F,200
Pick Yourself Up,55,Standard,F,144
The Song Is You,55,Standard,C,144
The Way You Look Tonight,55,Standard,Eb,200
Why Do I Love You?,55,Standard,Ab,176
Yesterdays,55,Standard,D-,60
Monkish,56,Ballad,Eb,48
Monk's Mood,56,Ballad,Db,52
Round Midnight,56,Ballad,Eb-,48
"Ruby, My Dear",56,Ballad,Eb,54
Epistrophy,56,Bebop,Db,126
I Mean You,56,Bebop,F,192
In Walked Bud,56,Bebop,Ab,184
Off Minor,56,Bebop,G-,160
Big Blues,56,Blues,Bb,120
Introspection,56,Contemp.,Db,138
Well You Needn't,56,Contemp.,F,176
A Search For Who?,57,Blues,A-,112
Four On The Floor,57,Blues,F-,96
Fourths?,57,Blues,F#-,116
No Smoking,57,Blues,B-,104
Rufus Did It,57,Blues,D-,126
South Of The Border,57,Blues,C#-,186
Speakerphone,57,Blues,Ab-,132
Special Delivery,57,Blues,Eb-,144
Speed Trap,57,Blues,E-,126
Syncopated Plus,57,Blues,Bb-,126
Up And Down,57,Blues,G-,160
Who Said That?,57,Blues,C-,100
Wrap It Up - Minor Blues In All Keys,57,Blues,All,96
Imagination,58,Ballad,Eb,48
In The Wee Small Hours,58,Ballad,C,48
Polka Dots And Moonbeams,58,Ballad,F,60
When You Wish Upon A Star,58,Ballad,C,58
Gone With The Wind,58,Standard,Eb,152
I Hadn't Anyone Till You,58,Standard,F,104
I'll Take Romance,58,Standard,F,126
I'm Confessin' That I Love You,58,Standard,Ab,100
Let's Fall In Love,58,Standard,C,112
Like Someone In Love,58,Standard,C,116
Lullaby Of The Leaves,58,Standard,C-,144
Someday My Prince Will Come,58,Standard,Bb,120
Unforgettable,58,Standard,G,112
Easy Living,59,Ballad,Eb,50
I Fall In Love Too Easily,59,Ballad,Eb,48
Moonglow,59,Ballad,C,86
The Nearness Of You,59,Ballad,F,54
Ceora,59,Bossa,Ab,104
Down And Up,59,Contemp.,Bb,184
Caravan,59,Standard,F-,200
Day By Day,59,Standard,G,112
Invitation,59,Standard,C-,120
It Don't Mean A Thing,59,Standard,G-,180
Just Friends,59,Standard,F,120
On Green Dolphin Street (Eb),59,Standard,Eb,138
On Green Dolphin Street {C},59,Standard,C,120
Out Of Nowhere,59,Standard,G,112
Shadow Of Your Smile,59,Standard,G,118
Star Eyes,59,Standard,Eb,120
Stella By Starlight,59,Standard,Bb,108
Sweet And Lovely,59,Standard,C,116
You Stepped Out Of A Dream,59,Standard,C,172
Lament For Booker,60,Ballad,Bb,47
Birdlike,60,Blues,F,92
Coral Keys,60,Contemp.,G-,146
Crisis,60,Contemp.,B-,185
Dear John,60,Contemp.,B,230
Red Clay,60,Contemp.,Db-,116
Sky Dive,60,Contemp.,G-,145
Up Jumped Spring,60,Contemp.,Bb,135
Gibraltar,60,Modal,G-,185
Little Sunflower,60,Modal,D,128
Pensativa,60,Standard,Gb,170
Indiana,61,Bebop,Ab,348
Third Rail,61,Contemp.,Bb,304
Cherokee (All 12 Keys),61,Standard,Bb,268
It's You Or No One,61,Standard,F,320
Lover,61,Standard,C,312
"Lover, Come Back To Me!",61,Standard,Ab,342
Secret Love,61,Standard,Eb,336
The Way You Look Tonight,61,Standard,Eb,300
Keep It Up,61,Swing,Eb,324
Patience Plus,61,Swing,Bb,276
Doujie,62,Bebop,F,200
Far Wes,62,Bebop,Db,100
Four On Six,62,Bebop,G-,104
Full House,62,Bebop,F-,176
Jingles,62,Bebop,E-,224
Cariba,62,Blues,F-,160
D Natural Blues,62,Blues,D,92
West Coast Blues,62,Blues,Bb,116
Angel,62,Contemp.,E-,126
Leila,62,Contemp.,F,72
Road Song,62,Contemp.,G-,126
Angela,63,Contemp.,F-,132
April Mist,63,Contemp.,F,116
Buffalo Wings,63,Contemp.,F-,120
Glass Mystery,63,Contemp.,-,66
Hope Street,63,Contemp.,Eb-,216
Little Dancer,63,Contemp.,Eb-,168
Moon Alley,63,Contemp.,F,126
Sail Away,63,Contemp.,C,126
Scene,63,Contemp.,G,112
Suspended View,63,Contemp.,F,112
The Water's Edge,63,Contemp.,E,132
Train Shuffle,63,Contemp.,F,128
Afro Blue,64,Afro-Cuban,F-,184
Curacao,64,Afro-Cuban,F-,207
Deliro,64,Bolero,G,80
II/V7/I (Twelve Keys),64,Bolero,All,108
Linda Chicana,64,Cha Cha,Bb-,140
Come Candela,64,Guaracha,G-,192
Mambo Inn,64,Mambo,F,224
Manteca,64,Mambo,Bb,208
Mindanao,64,Mambo,F-,208
Philly Mambo,64,Mambo,D-,232
Picadillo,64,Mambo,A-,208
Sabor,64,Mambo,A-,224
Moonlight In Vermont,65,Ballad,Eb,60
Algo Bueno,65,Bebop,Db,142
Along Came Betty,65,Bebop,Ab,116
Confirmation,65,Bebop,F,116
Four,65,Bebop,Eb,132
Jeanine,65,Bebop,Ab,160
Moment's Notice,65,Bebop,Eb,176
Nica's Dream,65,Bebop,Bb,112
Oleo,65,Bebop,Bb,200
Stablemates,65,Bebop,Db,112
Tune Up,65,Bebop,D,116
Giant Steps (Bossa),65,Bebop (Bossa),B,110
Giant Steps (Swing),65,Bebop (Swing),B,120
Blues For Alice,65,Bird Blues,F,108
But Not For Me,65,Standard,F,150
Bye Bye Blackbird,65,Standard,F,138
Fly Me To The Moon,65,Standard,C,140
Good Bait,65,Standard,Bb,108
Mean To Me,65,Standard,F,104
Perdido,65,Standard,Bb,132
September Song,65,Standard,C,114
Speak Low,65,Standard,F,116
"Take The ""A"" Train",65,Standard,C,112
A Flower Is A Lovesome Thing,66,Ballad,Db,56
Blood Count,66,Ballad,D,56
Chelsea Bridge,66,Ballad,Db,56
Lush Life,66,Ballad,Db,66
My Little Brown Book,66,Ballad,Bb,69
Johnny Come Lately,66,Bebop,C,208
Rain Check,66,Bebop,F,208
Drawing Room Blues,66,Blues,C,116
Isfahan,66,Standard,Db,112
Satin Doll,66,Standard,C,112
"Take The ""A"" Train",66,Standard,C&Eb,176
UMMG,66,Standard,Db,208
Four (All Keys),67,Bebop,Eb,152
Solar Flair (All Keys),67,Bossa,C,126
Autumn Leaves (All Keys),67,Standard,G-,160
Perdido (All Keys),67,Standard,Bb,138
Rhythm (All Keys),67,Standard,Bb,184
Sweet Georgia Brown (All Keys),67,Standard,F,160
Tune Up (All Keys),67,Standard,D,144
Confirmation (All Keys),68,Bebop,F,192
Giant Steps (All Keys),68,Bebop,B,224
All The Things You Are (All Keys),68,Standard,Ab,200
It's You Or No One (All Keys),68,Standard,F,232
Stella By Starlight (All Keys),68,Standard,Bb,132
Down And Up,68,Swing,All,208
Bird Gets The Worm,69,Bebop (Latin),Ab,240
Confirmation,69,Bebop (Latin),F,208
Dewey Square,69,Bebop (Latin),Eb,184
Donna Lee,69,Bebop (Latin),Ab,192
Laird Baird,69,Bebop (Latin),Bb,160
Marmaduke,69,Bebop (Latin),F,208
Moose The Mooche,69,Bebop (Latin),Bb,224
My Little Suede Shoes,69,Bebop (Latin),Eb,148
Ornithology,69,Bebop (Latin),G,216
Scrapple From The Apple,69,Bebop (Latin),F,232
Yardbird Suite,69,Bebop (Latin),C,176
Barbados,69,Blues (Latin),F,176
Buzzy,69,Blues (Latin),Bb,216
Elvinish,70,3/4 Blues,C,116
Killer Joe,70,Bebop,C,104
Ladybird,70,Bebop,C,152
Sugar,70,Bebop,C,108
Birthplace Blues,70,Blues,Bb,176
Mr. P.C.,70,Blues,C,200
Stop-Time Blues,70,Blues,Bb,128
Misty,70,Bossa,Eb,108
Afternoon In Paris,70,Standard,C,132
Blue Moon,70,Standard,Eb,60
Sweet Georgia Brown,70,Standard,Ab,108
The Girl From Ipanema,70,Standard,F,116
You Stepped Out Of A Dream,70,Standard,C,126
Old Folks,71,Ballad,F,60
East Of The Sun,71,Standard,G,130
Falling In Love With Love,71,Standard,Bb,160
Honeysuckle Rose,71,Standard,F,152
I Wish I Knew,71,Standard,G,144
Just Squeeze Me,71,Standard,F,104
Melancholy Baby,71,Standard,Eb,126
My Heart Stood Still,71,Standard,F,240
One O'Clock Jump,71,Standard,Db,152
Second Time Around (Ballad),71,Standard,C,66
Second Time Around (Swing),71,Standard,C,126
The Boy Next Door,71,Standard,Bb,120
Everything I Have Is Yours,72,Ballad,C,66
If You Could See Me Now,72,Ballad,Eb,56
I'm Thru With Love,72,Ballad,F,88
Try A Little Tenderness,72,Ballad,C,58
I'm In The Mood For Love,72,Standard,C,116
Jitterbug Waltz,72,Standard,Eb,152
"Just You, Just Me",72,Standard,C,152
Poinciana,72,Standard,G,150
Street Of Dreams,72,Standard,Eb,104
That Old Feeling,72,Standard,Eb,138
The Lamp Is Low,72,Standard,G,240
The Touch Of Your Lips,72,Standard,C,96
The Meeting,73,3/4 Blues-ish,F,228
Patterns,73,3/4 Modern,C-,189
Elegy For A Duck,73,6/4 Blues,C-,138
Six And Four,73,6/4 Blues,F,138
"Black, Brown & Beautiful",73,Ballad,Eb,54
Latino,73,Bebop,Eb,208
Straight Ahead,73,Bebop,G,250
I Remember Bird,73,Blues,F,84
Stolen Moments,73,Blues,C-,104
Teenie's Blues,73,Blues,F,138
In Passing,73,Cycle,G,132
Alto-itis,73,Swing,Bb,252
West Coast Blues,74,Blues,Bb,152
Body And Soul,74,Bolero,Db,92
Don't Blame Me,74,Bolero,C,92
I Can't Get Started,74,Bolero,C,84
Soul Eyes,74,Bolero,Eb,92
Desafinado,74,Bossa,F,184
Forest Flower (Sunrise),74,Cha Cha,A,112
What's New?,74,Cha Cha,C,120
Have You Met Miss Jones?,74,Mambo,F,184
Opus De Funk,74,Mambo,F,208
St. Thomas,74,Mambo,C,224
What Is This Thing Called Love,74,Mambo,C,240
26-2,75,Bebop,F,225
Central Park West,75,Bebop,B,66
Countdown,75,Bebop,D,304
Giant Steps,75,Bebop,Eb,308
Satellite,75,Bebop,G,260
Uncommon Tones,75,Bebop,Eb ,132
Step By Step,75,Bossa,Eb,116
In A Melatonin,75,Cont. 3/4,Eb,104
Exotica,75,Contemp.,C,124
Fifth House,75,Latin/Swing,C,224
The Night Has A Thousand Eyes,75,Latin/Swing,G,216
Body And Soul,75,Standard,Db,110
But Not For Me,75,Standard,Eb,208
10/17/21,76,Bebop,Db,126
April In August,76,Bebop,C,156
Changes,76,Bebop,C,144
Eclipse,76,Bebop,C,148
Everybody's Song,76,Bebop,C,146
Illegal Entrance,76,Bebop,Db,148
Kirsten And Her Puppy Katie,76,Bebop,F,120
To The Fore,76,Bebop,C,162
Velvet Rose,76,Bebop,C,138
Aulil,76,Contemp.,E-,152
At Twilight,76,Latin,C,156
Preparatory Exercise #2,76,Latin/Swing,-,140
Preparatory Exercise #1,76,Swing/Latin,-,140
Bluellespie,77,Blues,Bb,114
Chucho,77,Blues,D-,180
Christmas Without You,77,Bolero,Eb,76
Chick,77,Funk,Bb,248
Guataca City,77,Latin,G-,120
La Dama Y El Vagabundo,77,Latin,Eb,142
Lorenzo's Wings,77,Latin,C-,116
Memories,77,Latin,F,120
Wapango,77,Latin,C-,134
Gdansk,77,Latin/Funk,D-,100
A Night In Englewood,77,Slow Bossa,A,108
El Cura,77,Swing/Latin,C,208
South Of The Waltz,77,Waltz,E-,188
Auld Lang Syne,78,Ballad,F,69
Have Yourself A Merry Little Christmas,78,Ballad,C,100
I'll Be Home For Christmas,78,Ballad,C,56
Silent Night,78,Ballad,C,100
I Saw Mommy Kissing Santa Claus,78,Bossa,C,108
Let It Snow,78,Swing,F,120
Rudolph The Red-Nosed Reindeer,78,Swing,C,144
Santa Claus Is Coming To Town,78,Swing,C,120
Sleigh Ride,78,Swing,G,252
Winter Wonderland,78,Swing,Eb,116
We Three Kings,78,Waltz,E-,126
After You've Gone,79,Standard,F,216
Avalon,79,Standard,F,138
Bill Bailey,79,Standard,Bb,138
"Bye, Bye, Blues",79,Standard,C,232
I'm Always Chasing Rainbows,79,Standard,G,126
Ja-Da,79,Standard,F,138
Margie,79,Standard,F,240
Rose Room,79,Standard,Ab,120
St. Louis Blues,79,Standard,G7,100
Three O'Clock In The Morning,79,Standard,C,116
Toot Toot Tootsie,79,Standard,C,224
You Made Me Love You,79,Standard,Eb,88
Baby Won't You Please Come Home,80,Ballad,G,58
I Hear A Rhapsody,80,Standard,Eb,188
Indiana,80,Standard,Ab,182
Look For The Silver Lining,80,Standard,Eb,154
My Melancholy Baby,80,Standard,Eb,116
Peg O' My Heart,80,Standard,Bb,126
Poor Butterfly,80,Standard,Ab,118
Some Of These Days,80,Standard,F,138
Somebody Stole My Gal,80,Standard,Eb,176
They Didn't Believe Me,80,Standard,F,136
When The Saints Go Marching In,80,Standard,F,154
Billy Boy,80,Swing,C,252
Master Of The Obvious,81,Ballad,A-,-
Down Time,81,Blues,D,130
For Lydia,81,Bossa,F,132
Easy Nuff,81,Contemp.,G-,288
Falling Stones,81,Contemp.,A-,60
Off A Bird,81,Contemp.,-,200
What It Is,81,Funk,Eb,122
Dancing On Bird's Grave,81,Latin,F,220
India,81,Modal,G,248
The Sun King,81,Modal,D,116
All Blues,81,Rehar. Stand.,G,120
Dancing In The Dark,81,Rehar. Stand.,Eb,116
Maiden Voyage,81,Rehar. Stand.,E-,120
Nica's Dream,81,Rehar. Stand.,Bb-,132
On Green Dolphin Street,81,Rehar. Stand.,Eb,240
Boston Bernie,82,Bebop,Ab,176
Dexology,82,Bebop,Bb,152
For Regulars Only,82,Bebop,Db,168
Fried Bananas,82,Bebop,Eb,176
I Want More,82,Bebop,Ab,232
Montmartre,82,Bebop,Bb-,208
Soul Sister,82,Bebop,G,138
Sticky Wicket,82,Bebop,Bb,138
The Rainbow People,82,Bebop,Eb,112
Tivoli,82,Bebop,Db,108
Antabus,82,Blues,C-,280
Long Tall Dexter (aka LTD),82,Blues,Bb,204
Catalonian Nights,82,Latin,Bb-,168
Apple Jump,82,Rhythm,F,164
African Skies,83,6/8 Fusion,F,92
And Then She Wept,83,Ballad,Eb,50
Straphangin',83,Funk,D,92
"Funky Sea, Funky Dew",83,Funk Ballad,F-,84
Some Skunk Funk,83,Funk/Fusion,G-/F-,147
Slang,83,Fusion,C-,112
Sponge,83,Fusion,F,186
Song For Barry,83,Latin Funk,Bb-,130
Above and Below,83,Latin Fusion,Ab,138
Inside Out,83,Shuffle Blues,F,132
Round About,84,Bossa,Eb,110
Indiana,84,Standard,Ab,132
Sweet Georgia Brown,84,Standard,Ab,172
Dream,85,Contemp.,C-,100
Cantaloupe Island,85,Rehar. Stand.,F-,110
I Hear A Rhapsody,85,Rehar. Stand.,Eb,240
Maiden Voyage,85,Rehar. Stand.,E-,116
On Green Dolphin Street,85,Rehar. Stand.,Eb,168
Smoke Gets In Your Eyes,85,Rehar. Stand.,Eb,54
"Softly, As In A Morning Sunrise",85,Rehar. Stand.,C-,252
Song For My Father,85,Rehar. Stand.,F-,126
Stella By Starlight,85,Rehar. Stand.,Bb,240
Watermelon Man,85,Rehar. Stand.,F,120
Yesterdays,85,Rehar. Stand.,D-,224
Juicy Lucy,86,Bebop,F,120
Moon Rays,86,Bebop,Eb,126
Penny,86,Bebop,Bb,264
Shoutin' Out,86,Bebop,F,208
The Hardbop Grandpop,86,Bebop,Ab,204
Mary Lou,86,Bebop (Latin),C-,208
Doodlin',86,Blues,Db,112
Serenade To A Soul Sister,86,Blues,Eb,140
Tokyo Blues,86,Blues,C-,184
Senor Blues,86,Blues (Latin),Eb-,120
Jungle Juice,86,Contemp.,E-,200
Pretty Eyes,86,Contemp.,Eb-,168
People Time,87,Ballad,G,66
Doozy,87,Bebop,F,200
Easy Money,87,Bebop,F,176
The Romp,87,Blues,C,116
Summer Serenade,87,Bossa,F,116
The Courtship,87,Bossa,Eb,96
Hello,87,Contemp.,Ab,152
Southside Samba,87,Samba,F,132
All That Jazz,87,Standard,F,152
"Another Time, Another Place",87,Standard,F,176
Evening Star,87,Standard,F,88
When Lights Are Low,87,Standard,Eb,140
"You, Only You",87,Standard,Bb,132
Dance Of The Infidels,88,Bebop Blues,F,152
Solar,88,Blues,C-,160
"Stop, Stop, Stop-Time Blues",88,Blues,F,120
3/4 Double-Up Blues,88,Blues in 3/4,Eb,144
Three Plus Two,88,Blues In 5/4,C-,144
E.T.'s Blues,88,Blues w/Bridge,Bb,336
Faster Than Whiz,88,Blues w/Bridge,Eb,208
Bertha's Bossa,88,Bossa Blues,F-,120
Lame Duck,88,Bossa Blues,Bb,120
The Real McCoy,88,Bossa Blues,D-,132
In A Minor Mood,88,Minor Blues,C-,120
Sweet Combustion,88,Minor Blues,C-,126
Hustle And Shuffle,88,Shuffle Blues,G,112
Achin' And Breakin',88,Slow Blues,F,56
Can't We Be Friends,89,Standard,F,108
Darn That Dream,89,Standard,G,58
For Heaven's Sake,89,Standard,F,52
I Can't Give You Anything But Love (Fast),89,Standard,Eb,216
I Can't Give You Anything But Love (Slow),89,Standard,Eb,126
Idaho,89,Standard,F,252
My Ship,89,Standard,F,56
No More Blues,89,Standard,D-,250
The Gentle Rain,89,Standard,C-,86
The Things We Did Last Summer,89,Standard,G,63
This Can't Be Love,89,Standard,G,200
Who Can I Turn To,89,Standard,Eb,108
Who Cares?,89,Standard,C,160
Take Five,90,5/4 Standard,Eb-,126
Backdoor Shuffle (Shuffle Blues),90,Blues,F,116
First Step,90,Contemp.,C-,100
Major Scales in 5/4,90,Contemp.,-,104
Seven For Twelve,90,Contemp. 7/4,F,168
Guido Rides Again,90,Contemp.4/4-3/4,C-,162
The Girl From Ipanema,90,"Latin, in 7/4",F,112
Blue Minor (Latin Minor Blues),90,Minor Blues,Bb-,116
On Green Dolphin Street,90,"Standard,4/4-3/4",Eb,138
My Favorite Things,90,"Standard,6/4-5/4",E-,126
You Know I Care,91,Ballad,Db,36
Our Delight,91,Bebop,Ab,160
Repetition,91,Bossa Nova,Eb,138
Bernie's Tune,91,Contemp.,D-,216
Blue Daniel,91,Contemp.,D,126
A Child Is Born,91,Standard,Bb,92
Azule Serape,91,Standard,F,216
Beatrice,91,Standard,F,132
Dear Old Stockholm,91,Standard,G-,144
Limehouse Blues (Fast),91,Standard,Ab,264
Limehouse Blues (Slow),91,Standard,Ab,232
On A Slow Boat To China,91,Standard,Bb,176
Remember When,92,Ballad,Ab,69
Back On Track,92,Contemp.,Bb,184
Betwixt And Between,92,Contemp.,C-,168
Gone But Not Forgotten,92,Contemp.,F,108
Making The Rounds,92,Contemp.,F,152
Metamorphosis,92,Contemp.,G,130
Moving Right Along,92,Contemp.,Bb,184
Pat's Retort,92,Contemp.,Eb,160
Patterns,92,Contemp.,F,200
Point Of No Return,92,Contemp.,F,152
Rush Hour,92,Contemp.,Bb,180
Try For Five,92,Contemp.,Bb-,152
Waltz For Spring,92,Contemp.,Bb,160
Turn-Around,92,Minor Blues,A-,160
Body And Soul,93,Ballad,Db,56
Autumn In New York,93,Ballad/Bossa,F,54
Ornithology,93,Bebop,G,184
Perhaps,93,Bebop,C,166
Moon And Sand,93,Bossa,D-,108
What's New?,93,Bossa,C,112
Guitar On Top,93,Contemp.,C-,184
Mr. Green,93,Contemp.,D-,164
There Will Never Be Another You,93,Samba,Eb,192
On Green Dolphin Street,93,Standard,Eb,164
Stella By Starlight,93,Standard,Bb,120
The End Of A Love Affair,93,Standard,F,168
Good-Bye,94,Ballad,C,56
Hot House,94,Bebop,C,216
Chi Chi,94,Blues,Ab,176
Estate,94,Bossa Nova,A-,112
The Old Country,94,Contemp.,D-,92
All Or Nothing At All,94,Standard,A-,168
As Time Goes By,94,Standard,Eb,104
Blue And Sentimental,94,Standard,Eb,84
Close Your Eyes,94,Standard,Eb-,252
Crazy Rhythm,94,Standard,F,118
On A Clear Day,94,Standard,G,132
Windows,95,3/4,B-,140
Little B's Poem,95,3/4 Waltz,F-,144
It's The Talk Of The Town,95,Ballad,F,63
Spotty,95,Blues,C,208
500 Miles High,95,Bossa,C-,126
A Bientot,95,Bossa,C-,144
Only Trust Your Heart,95,Bossa,F,144
Triste,95,Bossa,Bb,176
"Free, Is Free",95,Latin/Swing,C,212
All Of Me,95,Swing,C,160
Parisian Thoroughfare,95,Swing,F,200
Teaneck,95,Swing,Bb,232
Arthur's Dance,96,Latin/Fusion,G-,128
Ivory Coast,96,Latin/Fusion,Gb,132
Jamboree,96,Latin/Fusion,F-,132
Latin Quarter,96,Latin/Fusion,C,184
One For Tom,96,Latin/Fusion,A-,120
One Step Ahead,96,Latin/Fusion,F#,106
Paco And Dave,96,Latin/Fusion,D7,126
Rain Forest,96,Latin/Fusion,G-,176
Sadie's Dance,96,Latin/Fusion,G-,96
Turnabout,96,Latin/Fusion,Eb/F,216
Autumn In New York,97,Ballad,F-,69
I Cover The Waterfront,97,Ballad,F,69
When Your Lover Has Gone,97,Bossa,Ab,138
You Go To My Head,97,Bossa,Eb,88
Fools Rush In,97,Swing,C,120
"Lover, Come Back To Me",97,Swing,Ab,184
Namely You,97,Swing,Bb,138
You And The Night And The Music,97,Swing,C-,126
You're My Everything,97,Swing,C,138
September In The Rain,97,Waltz,Eb,160
Desafinado (Slightly Out Of Tune),98,Bossa,F,136
How Insensitive (Insensatez),98,Bossa,D-,126
Jazz 'N 'Samba (So Danco Samba),98,Bossa,C,168
Meditation (Meditacao),98,Bossa,C,110
No More Blues,98,Bossa,D-,184
O Grande Amor,98,Bossa,A-,116
Once I Loved (O Amor En Paz),98,Bossa,D-,164
One Note Samba (Samba De Uma Nota So),98,Bossa,Bb,160
Quiet Nights Of Quiet Stars (Corcovado),98,Bossa,C,132
The Girl From Ipanema (Garota De Impanema),98,Bossa,F,144
Triste,98,Bossa,Bb-,152
Wave (Vou Te Contar),98,Bossa,D,131
If You Could See Me Now,99,Ballad,Ab,56
Soultrane,99,Ballad,Eb,80
You're A Joy,99,Ballad,Ab,56
Mating Call,99,Rumba/Swing,F,160
Good Bait,99,Swing,Bb,108
Hot House,99,Swing,C,216
Ladybird,99,Swing,C,152
On A Misty Night,99,Swing,Eb,126
Our Delight,99,Swing,Ab,160
Super Jet,99,Swing,Bb,250
Tadd's Delight,99,Swing,Ab,176
The Scene Is Clean,99,Swing,Ab,138
After You've Gone,100,Dixieland,Bb,200
Alexander's Ragtime Band,100,Dixieland,F,224
Bill Bailey,100,Dixieland,F,196
Chicago,100,Dixieland,Eb,180
Darktown Strutter's Ball,100,Dixieland,C,220
Indiana,100,Dixieland,F,214
Lime House Blues,100,Dixieland,Ab,264
Margie,100,Dixieland,F,208
Royal Garden Blues,100,Dixieland,F,184
St. James Infirmary,100,Dixieland,D-,86
St. Louis Blues,100,Dixieland,G,130
That's A Plenty,100,Dixieland,D-,240
The Sheik Of Araby,100,Dixieland,Bb,238
Tiger Rag,100,Dixieland,Bb,260
Way Down Yonder In New Orleans,100,Dixieland,F,138
When The Saints Go Marching In,100,Dixieland,F,254
Gone Forever,101,Ballad,F,70
Shania,101,Ballad,Eb,110
There's No There There,101,Ballad,D-,215
Anticipointment,101,Latin,Eb,160
Process Of Illumination,101,Latin,D-,120
Secret Of The Andes,101,Latin,Db,120
Bilbao,101,Swing,G-,160
Good Luck With Your Music,101,Swing,F,140
Portrait Of Dorian Mode,101,Swing,Eb,200
Subject To Change,101,Swing,A-,245
Walking On The Moon,101,Swing,C-,185
A Loan To Gather,101,Waltz,C-,138
You Can Tell,102,3/4,B,114
Invisible Light,102,Ballad,Eb,50
Red's Blues,102,Blues,Bb,150
Con Brio,102,Latin,Bb,250
Wind Print,102,Latin,G,160
Different Places Together,102,Latin/Bossa,Bb,138
I Ching Reading,102,Swing,E,192
Inside Out,102,Swing,Eb,178
Optimum Propensity,102,Swing,Ab,130
Out House,102,Swing,Bb,260
Simultaneous Looks,102,Swing,C-,208
Sound Advice,102,Swing,Db,144
The Ray,102,Swing,Gb,240
Wiggy,102,Swing,C#-,124
As We Speak,103,Fusion,A-,120
Chicago Song,103,Fusion,C-,72
Corners For Herbie,103,Fusion,E-,114
Full House,103,Fusion,F,110
Hideaway,103,Fusion,Eb-,100
Imogene,103,Fusion,G-,80
Lisa,103,Fusion,E,100
Run For Cover,103,Fusion,E-,100
Snakes,103,Fusion,G-,120
Straight To The Heart,103,Fusion,Eb,72
Unisphere,105,5/4 Swing,Eb,183
All My Love,105,Ballad,A-,48
Here Comes McBride,105,Blues,C-,152
Travelin' Blues,105,Blues,F,69
Broadway Bossa Nova,105,Latin,G,196
In Your Own Sweet Way,105,Swing,A-,104
Take 5,105,Swing,Eb,188
The Basie Band Is Back In Town,105,Swing,F,138
The Duke,105,Swing,C,124
Why Not,105,Swing,F,194
Three To Get Ready,105,Waltz,C,156
Waltzing,105,Waltz,G-,196
Our Man Higgins,106,Blues,Bb,240
The Double Up,106,Blues,F,116
Ceora,106,Bossa,Ab,126
Sidewinder,106,Bossa Blues,Eb,160
Mr. Kenyatta,106,Latin,G-,216
Totem Pole,106,Latin,Eb-,138
Party Time,106,Swing,Ab-,112
Something Cute,106,Swing,G-,238
Speedball,106,Swing,Db,184
Stopstart,106,Swing,G-,240
Zambia,106,Swing,C,236
Kozo's Waltz,106,Waltz,Bb,176
Morgan The Pirate,106,Waltz,Eb,168
The Gigolo,106,Waltz,Eb-,152
Body And Soul,107,Ballad,Bb,63
Fools Rush In,107,Ballad,G,92
I Cover The Waterfront,107,Ballad,Eb,69
It Had To Be You,107,Ballad,Eb,126
Misty,107,Ballad,C,63
My Funny Valentine,107,Ballad,Am/C,63
Skylark,107,Ballad,C,69
Stardust,107,Ballad,Ab,80
Stars Fell On Alabama,107,Ballad,Ab,88
That's All,107,Ballad,Ab,80
What's New?,107,Ballad,G,63
You Go To My Head,107,Ballad,C,72
Love For Sale,107,Latin/Swing,F-,208
A Foggy Day,107,Swing,C,168
Alone Together,107,Swing,A-,126
But Not For Me,107,Swing,Bb,168
Bye Bye Blackbird,107,Swing,C,200
Days Of Wine And Roses,107,Swing,C,126
East Of The Sun,107,Swing,Eb,138
I Thought About You,107,Swing,C,120
September In The Rain,107,Swing,C,126
Summertime,107,Swing,D-,132
Time After Time,107,Swing,Ab,138
What Is This Thing Called Love,107,Swing,G,152
Granted,108,Blues,C-,212
Homestretch,108,Blues,Bb,230
Isotope,108,Blues,C,182
Mamacita,108,Blues,F,172
Step Lightly,108,Blues,C,112
Recorda Me,108,Latin,A-,172
A Shade Of Jade,108,Swing,C-,236
Inner Urge,108,Swing,G,208
Jinriksha,108,Swing,Db,180
Mo' Joe,108,Swing,F-,200
Out Of The Night,108,Swing,F-,120
Punjab,108,Swing,D,158
Serenity,108,Swing,Eb,160
The Kicker,108,Swing,Bb,220
Black Narcissus,108,Waltz,Ab-,130
The Spirit Soars,109,3/4 Bossa Nova,F,120
Breather,109,3/4 Samba,Bb,96
Pentatonic,109,Agitated Rock,Ab,132
Rising Star,109,Ballad,C,60
The Essence,109,Funk,Eb,92
I've Got It,109,Hip-Hop,Bb,192
The Slither,109,Hip-Hop,F,144
Back On The Track,109,Latin-Funk,D-,176
Crib Chimp,109,Latin-Funk,F,124
Samba de Luvsme,109,Samba,E-,272
The Cat From Caracas,109,Samba,Eb,200
It Takes Two,109,Tango,E,76
Body And Soul,110,Ballad,Db,64
Dancing In The Dark,110,Ballad,C,94
Embraceable You,110,Ballad,G,74
I Can't Get Started,110,Ballad,C,74
I Could Write A Book,110,Ballad,Eb,112
I Didn't Know What Time It Was,110,Ballad,G,78
I Only Have Eyes For You,110,Ballad,C,90
I Thought About You,110,Ballad,Eb,60
Love Is Here To Stay,110,Ballad,F,90
Someone To Watch Over Me,110,Ballad,Eb,76
When I Fall In Love,110,Ballad,Eb,100
Where Or When,110,Ballad,Eb,88
Mohawk,111,6/4 Swing,F,160
Lament,111,Ballad,F,108
Fatback,111,Blues,F,112
Lament,111,Bossa,F,56
Boneology,111,Swing,Db,138
Coffee Pot,111,Swing,F,240
Flat Black,111,Swing,C,232
In Walked Horace,111,Swing,Bb,192
Interlude,111,Swing,C,250
Kenya,111,Swing,Bb,120
Shutterbug,111,Swing,G-,224
Shutterbug,111,Swing,G-,252
Ten-85,111,Swing,C-,252
Turnpike,111,Swing,Bb,276
May I Have Dis (This) Dance,111,Waltz,F,152
All Of You,112,Standard,Eb,144
Don't Fence Me In,112,Standard,F,120
Dream Dancing,112,Standard,C,132
Easy To Love,112,Standard,G,160
Easy To Love,112,Standard,G,264
Ev'rything I Love,112,Standard,Eb,200
From This Moment On,112,Standard,Db,240
Get Out Of Town,112,Standard,Bb,116
I Concentrate On You,112,Standard,Eb,144
I Get A Kick Out Of You,112,Standard,Eb,168
I Love You,112,Standard,F,144
In The Still Of The Night,112,Standard,F,252
It's All Right With Me,112,Standard,Eb,264
I've Got You Under My Skin,112,Standard,Eb,144
Just One Of Those Things,112,Standard,F,240
Love For Sale,112,Standard,Bb,176
Night and Day,112,Standard,Eb,120
You Do Something To Me,112,Standard,Eb,138
You'd Be So Nice To Come Home To,112,Standard,C,126
At Long Last Love,112,Swing,Ab,120
So In Love,112,Swing,Ab,132
What Is This Thing Called Love,112,Swing,C,184
Body And Soul,113,Ballad,A,64
Body And Soul,113,Ballad,C,64
Embraceable You,113,Ballad,Db,74
Embraceable You,113,Ballad,F,74
I Can't Get Started,113,Ballad,Bb,74
I Can't Get Started,113,Ballad,G,74
I Didn't Know What Time It Was,113,Ballad,D,120
When I Fall In Love,113,Ballad,C,86
When I Fall In Love,113,Ballad,Eb,86
Dancing In The Dark,113,Ballad Swing,C,130
Dancing In The Dark,113,Ballad Swing,Eb,94
I Didn't Know What Time It Was,113,Ballad Swing,F,78
I Thought About You,113,Ballad Swing,Bb,108
I Thought About You,113,Ballad Swing,C,60
Love Is Here To Stay,113,Ballad Swing,C,90
Love Is Here To Stay,113,Ballad Swing,Eb,132
Where Or When,113,Ballad Swing,C,126
Where Or When,113,Ballad Swing,Eb,88
Someone To Watch Over Me,113,Balled,Ab,76
Someone To Watch Over Me,113,Balled,C,76
I Could Write A Book,113,Fast Swing,Bb,144
I Could Write A Book,113,Slow Swing,Ab,112
I Only Have Eyes For You,113,Swing,A,90
I Only Have Eyes For You,113,Swing,G,120
A Blessing In Disguise,114,Ballad,Db,69
Relaxin',114,Blues,F,112
Mr. Alex,114,Bossa,C,104
Peaceful Ideas,114,Bossa,C-,104
Soulful Times,114,Jazz Waltz,F,104
I Remember Grant,114,Second Line Boogaloo,G,144
A Little Stop-Time,114,Swing,Bb,184
Runnin' & Gunnin',114,Swing,Bb,152
Little Waltz,115,3/4 Waltz,Ab,94
Quiet Times,115,Ballad,G,64
For Toddlers Only,115,Bebop,Bb,252
Blues For D.P.,115,Blues,G,116
Eighty-One,115,Blues,C-,126
Nearly,115,Blues,G,90
Bomdia,115,Latin,D-,118
Third Plane,115,Latin/Swing,Bb,156
Eight,115,Modal,D-,268
Mr.Bow Tie,115,Samba,C-,108
First Trip,115,Swing,F,204
Loose Change,115,Swing,C,130
R.J.,115,Fast Swing,Eb,280
All Of You,117,Standard,Bb,144
All Of You,117,Standard,Eb,144
At Long Last Love,117,Standard,Bb,138
At Long Last Love,117,Standard,G,138
At Long Last Love,117,Standard,,138
Easy To Love,117,Standard,Eb,168
Easy To Love,117,Standard,G,168
From This Moment On,117,Standard,C-,240
From This Moment On,117,Standard,D-,240
Get Out Of Town,117,Standard,Eb,184
Get Out Of Town,117,Standard,G,184
I Concentrate On You,117,Standard,C,154
I Concentrate On You,117,Standard,D,154
I Love You,117,Standard,C,160
I Love You,117,Standard,Eb,160
In The Still Of The Night,117,Standard,C,144
In The Still Of The Night,117,Standard,Eb,144
I've Got You Under My Skin,117,Standard,Bb,132
I've Got You Under My Skin,117,Standard,Db,132
Just One Of Those Things,117,Standard,C,126
Just One Of Those Things,117,Standard,Eb,126
Love For Sale,117,Standard,Db,176
Night and Day,117,Standard,C,160
Night and Day,117,Standard,D,160
What Is This Thing Called Love,117,Standard,Bb,184
What Is This Thing Called Love,117,Standard,G,184
You'd Be So Nice To Come Home To,117,Standard,E-,152
You'd Be So Nice To Come Home To,117,Standard,G-,152
I Can't Get Started,118,Ballad,C,76
Round Midnight,118,Ballad,Eb-,104
How High The Moon,118,Bebop,G,232
Big Easy,118,Blues,Ab,160
You're Lookin' Good,118,Blues,Bb,166
East Of The Sun,118,Bossa,A-,144
Laura,118,Bossa,G-,160
Falling In Love With Love,118,Standard,Bb,170
I'm Getting Sentimental Over You,118,Standard,F,150
Love For Sale,118,Standard,Eb,240
On Green Dolphin Street,118,Standard,Eb,126
"Softly, As In A Morning Sunrise",118,Standard,C-,300
Time Out,118,Rhythm,Bb,264
Country Corn Flakes,119,Fast Swing,F,224
Karita,119,Latin,Eb,180
Lemoncello,119,Funky Swing,C-,184
Love Remains,119,Ballad,G-,80
Blues For Alto,119,Blues,Ab,176
In Case You Missed It,119,Fast Swing,Eb,200
Beatitudes,119,Latin,Bb,150
ETA,119,Uptempo Swing,A-,276
Jewel,119,Ballad,A-,58
A Wheel Within A Wheel,119,Waltz,D-,196
Always A Friend,119,Slow Bossa,Eb,76
Faith In Action,119,Waltz,C,224
Bb Boogaloo,120,Blues,Bb,126
Work Song,120,Standard,F,160
My Slow Blues,120,Slow Blues,F,88
McDuff's Groove,120,Blues (Shuffle),G,138
Down Home Boogaloo,120,Blues,Ab,126
Bossa Blues,120,Blues (Bossa),Bb,116
Killer Joe,120,Standard,C,126
Miss C's Shuffle,120,Blues,F,138
Happy Alice,120,Latin Blues,Eb,160
"Blues, Blues, Blues",120,Blues,Bb,116
Modal Blues,120,Blues (24-bar),Bb,232
Jimmy Smith Shuffle,120,Blues,F,104
Dirty Blues,120,Blues,Bb,63
The Search,120,Latin/Swing,C,224
Drifting,121,Bossa Nova,F,140
Eddie's Blues,121,Blues (Medium),C,110
House of Chan,121,Latin/Swing,F,160
Johnny Hodges,121,Bebop (Medium Fast),G,152
Lady J,121,Latin,C,120
The Stanley Stomper,121,Blues,Eb,144
The Squire's Parlor,121,Swing (Medium),F,200
Samba Dubois,121,Latin,C,176
Waltz For A Lovely Wife,121,Waltz,C,140
Without You,121,Bossa Nova,A-,104
Sugan,121,Swing,F-,212
Lew Blew,121,Blues,F,216
Cool Aid,121,Swing (Medium-Up),Ab,208
Dutch Morning,121,Waltz (Medium),B-,92
Gemini,122,Waltz,Eb,194
Gingerbread Boy,122,Blues,Bb,214
You Or Me,122,Standard,Eb,186
Mona's Mood,122,Ballad,Eb,64
Forever Sonny,122,Samba (Straight 8),Bb,164
One For Juan,122,Bossa Nova,B-,162
A Sound For Sore Ears,122,Latin,Ab,178
New Picture,122,Waltz,Bb,172
The Voice Of The Saxophone,122,Ballad,C,60
C.T.A.,122,Swing (Fast),Bb,228
Sources Say,122,Swing,Ab,188
Basic Birks,122,Swing,Db,202
Bopag'in,122,Swing,Eb,240
Without You - No Me,122,Latin/Swing,Ab,186
Now's The Time,123,Blues,F,120
Four On Six,123,Swing,Bb,224
The More I See You,123,Standard,Eb,100
Love For Sale,117,Standard,Bb,176
"Mercy, Mercy, Mercy",123,Funk (Light),Bb,85
Lunch Portion,123,Blues (Shuffle),G,130
I Fall In Love Too Easily,123,Ballad,Eb,54
Bye Bye Blackbird,123,Standard,F,150
"Gee Baby, Ain't I Good To You",123,Ballad,Eb,66
Indiana,123,Swing,F,132
February 14th,123,Blues (Shuffle),G,124
Anthropology,123,Swing,Bb,194
Summertime,123,Standard,C-,108
I'm Getting Sentimental Over You,123,Swing,F,144
Slow Blues,123,Blues,Bb,60
Obama-Nation,123,Swing,F,124
Same Beat,124,Bossa Nova,F,80
Valley,124,Baião,A,112
Railroad,124,Afoxé,Db,112
Part Tee,124,Partido-Alto,Ab,120
Invitation Note,124,Bossa Nova,Eb,120
Byown,124,Baião,F-,92
Afosheriff,124,Afoxé,A,124
Here We Are!,124,Bossa Nova (Fast),F-,128
Twice,124,Bossa Nova,F,132
Korg In,124,Baião,F,112
Away In A Manger,125,Swing Waltz,F,116
Deck The Hall,125,Swing,F,108
Greensleeves,125,Swing Waltz,E-,130
"God Rest ye Merry, Gentlemen",125,Swing,C-,114
"Go, Tell It On The Mountain",125,Swing,F,112
Hark! The Herald Angels Sing,125,Bossa Nova,F,100
It Came Upon The Midnight Clear,125,Swing Waltz,Bb,116
Jingle Bells,125,Swing,G,176
Joy To The World,125,Bossa Nova,C,106
"O Come, All Ye Faithful",125,Swing,Eb,96
O Little Town Of Bethlehem,125,Bossa Nova,F,100
Silent Night,125,Swing Waltz,C,94
The First Noel,125,Swing Waltz,Eb,110
Up On The Housetop,125,Swing,F,180
We Three Kings,125,Swing Waltz,D,136
We Wish You A Merry Christmas,125,Swing Waltz,G,138
Auld Lang Syne,125,Swing,F,96
There's A Mingus Amonk Us,126,Bebop,Db,178
Shanghigh,126,Latin,C,148
Some Skunk Funk,126,Rock,Bb,140
Marble Sea,126,Bossa,Eb,140
Thrifty Man,126,Swing,Bb,116
Incidentally,126,Ballad,B,52
Free Fall,126,Uptempo   ,F,120
Hit Or Miss,126,Swing,C,186
The Sleaze Factor,126,Samba,F,136
You're In My Heart,126,Waltz,C,168
Moontide,126,Latin,D,136
Dirty Dogs,126,Blues,Bb,154
Tokyo Freddie,126,Uptempo,C,122
Boogie Woogie Bossa Nova,127,Bossa,Ab,125
Chicago Serenade,127,Swing,C,116
The Crying Blues,127,Blues,F,180
Antidote,127,Swing,G,168
Summer's On Its Way,127,Bossa,C-,114
Listen Here,127,Latin Funk,Bb,136
Recess,127,Swing,C,125
Sham Time,127,Funk,F,164
The Things You Do,127,Ballad,Ab,64
Freedom Jazz Dance,127,Swing,Bb,182
Hey Wado,127,Blues,Bb,170
Renovated Rhythm,127,Swing,Bb,250
1974 Blues,127,Blues,D7,126
Sweet Georgia Brown,128,Standard,G,219
Rose Room,128,Standard,F,219
Bei Mir Bist Du Schon,128,Standard,A-,185
Swing 42,128,Swing,C,212
Django's Cloud,128,Standard,C,107
After You've Gone,128,Standard,G,250
Limehouse Blues,128,Standard,G,267
Body And Soul,128,Ballad,Db,77
The Sheik Of Araby,128,Standard,Bb,254
Minor Swing,128,Swing,A-,207
Montagne Sainte Genevieve,128,Standard,E-,190
Swing Guitars,128,Swing,C,214
The World is Waiting for the Sunrise,128,Standard,C,280
Frosty The Snow Man,129,Standard,C,120
Here Comes Santa Claus,129,Standard,Eb,192
Up On The Housetop,129,Standard,Eb,126
Jingle Bell Rock,129,Standard,C,144
Over The River And Through The Woods,129,Traditional,C,166
Angels We Have Heard On High,129,Standard,Eb,120
All I Want For Christmas Is My Two Front Teeth,129,Standard,C,130
There's A Song In The Air,129,Standard,F,126
We Wish You A Merry Christmas,129,Standard,F,132
Home For The Holidays,129,Standard,C,192
Jingle Bells,129,Standard,F,200
Angels From The Realms Of Glory,129,Standard,C,120
Snowfall,129,Standard,Db,60
Jolly Old St. Nick,129,Standard,Bb,130
Jolly Old St. Nick,129,Shuffle,Bb,130
Pennies From Heaven,130,Standard,C,114
Please Don't Talk About Me When I'm Gone,130,Standard,Eb,124
Somebody Loves Me,130,Standard,G,136
Time On My Hands,130,Standard,F,92
Walkin' My Baby Back Home,130,Standard,C,120
Sometimes I'm Happy,130,Standard,F,180
My Buddy,130,Standard,G,110
My Blue Heaven,130,Standard,Eb,144
Jeepers Creepers,130,Standard,C-,196
Is It True What They Say About Dixie?,130,Standard,G,200
Day In-Day Out,130,Standard,C,208
Ain't She Sweet,130,Standard,Eb,140
Blueberry Hill,130,Standard,C,104
Blueberry Hill (Jazz),130,Standard,C,110
How Little We Know,130,Standard,F,130
April Showers,130,Standard,G,126
Honeysuckle Rose,130,Standard,F,154
Ain't Misbehavin',130,Standard,Eb,110
Begin The Beguine,130,Standard,C,128
A String Of Pearls,130,Standard,Eb,150
It's Only A Paper Moon,131,Standard,G,140
Stormy Weather,131,Standard,G,72
The Lady Is A Tramp,131,Standard,C,186
Hold My Hand,131,Standard,F,58
Don't Worry About Me,131,Standard,Ab,64
The Glow Worm,131,Standard,C,120
Cry Me A River,131,Standard,Eb,60
Bidin' My Time,131,Standard,Eb,160
Almost Like Being In Love,131,Standard,Eb,170
It's You Or No One,131,Standard,F,168
More Than You Know,131,Standard,C,78
Dedicated To You,131,Standard,Bb,57
Dancing On The Ceiling,131,Standard,F,132
It Never Entered My Mind,131,Standard,F,70
Lazy Afternoon,131,Standard,A-,60
Almost Like Being In Love,131,Bossa,Eb,178
On The Street Where You Live,132,Standard,Bb,142
I'm Looking Over A Four Leaf Clover,132,Standard,C,178
Goody Goody,132,Standard,C,180
You're The Cream In My Coffee,132,Standard,Eb,152
Alabamy Bound,132,Standard,Bb,300
"Music, Music, Music (Put Another Nickel In)",132,Standard,F,178
"Music, Music, Music (Put Another Nickel In) (Modern Jazz Harmony Version)",132,Standard,F,130
"Music, Music, Music (Put Another Nickel In) (Modern Jazz Version w/Brushes)",132,Standard,F,130
I'll See You In My Dreams,132,Standard,F,156
Coquette,132,Standard,C,154
Goofus,132,Standard,F,176
"Toot, Toot, Tootsie",132,Standard,Eb,174
"Yes Sir, That's My Baby",132,Standard,Eb,130
Josephine,132,Standard,F,126
In A Shanty In Old Shanty Town (4/4),132,Standard,F,164
In A Shanty In Old Shanty Town (3/4),132,Standard,F,118
I Found A Million Dollar Baby,132,Standard,F,130
Reflection,30A&B,Ballad,F,60
Bye Bye Boston,30A&B,Bebop,C-,176
Lady's Bounce,30A&B,Bebop,Bb,112
Tippin' Time,30A&B,Blues,Bb,108
Bossa For Cheryl,30A&B,Bossa,Eb,120
Fast Mode Al,30A&B,Modal,Eb-,240
Samba De Luvsme,30A&B,Samba,G-,240
Scott's Waltz,30A&B,Waltz,G,190